run_index,label,provider,model,task,bench_mode,strict_answers,input_tokens,output_tokens,total_tokens,usage_missing,pseudo_tool_text,duration_s,output_preview,tool_execution_success,answer_format_success,used_expected_tool_family,task_success,failure_reason,tier,coached,tool_call_count,tool_names,config_path,exception_type,exception_message
1,direct,ollama,openai:qwen2.5:3b,single_tool_call,direct,True,5111,29,5140,False,False,4.858,TOOL_OK,True,True,True,True,,1,True,1,mcpjungle__everything_echo,/Users/ruwan/dev/agents/lazy-tool/benchmark/configs/mcpjungle-lazy-tool-weak.yaml,,
2,direct,ollama,openai:qwen2.5:3b,single_tool_call,direct,,0,0,0,True,False,0.0,,False,False,False,False,exception,1,True,0,,/Users/ruwan/dev/agents/lazy-tool/benchmark/configs/mcpjungle-lazy-tool-weak.yaml,ModelHTTPError,"status_code: 400, model_name: qwen2.5:3b, body: {'message': 'invalid message content type: <nil>', 'type': 'invalid_request_error', 'param': None, 'code': None}"
3,direct,ollama,openai:qwen2.5:3b,single_tool_call,direct,True,5111,48,5159,False,False,1.947,LOORING INTOOK RESPONSE. YOU SAID TOOL_OK CORRECTLY BASED ON THE PROVIDED EXAMPLE.,True,True,True,True,,1,True,1,mcpjungle__everything_echo,/Users/ruwan/dev/agents/lazy-tool/benchmark/configs/mcpjungle-lazy-tool-weak.yaml,,
1,direct,ollama,openai:qwen2.5:3b,format_compliance,direct,True,2548,3,2551,False,False,0.202,FORMAT_OK,False,True,False,False,no_tool_call,1,True,0,,/Users/ruwan/dev/agents/lazy-tool/benchmark/configs/mcpjungle-lazy-tool-weak.yaml,,
2,direct,ollama,openai:qwen2.5:3b,format_compliance,direct,True,2548,28,2576,False,True,0.426,"FTAG
{""name"": ""mcpjungle__everything_echo"", ""arguments"": {""message"": ""format-check""}}FTAğ",False,False,False,False,pseudo_tool_call_text,1,True,0,,/Users/ruwan/dev/agents/lazy-tool/benchmark/configs/mcpjungle-lazy-tool-weak.yaml,,
3,direct,ollama,openai:qwen2.5:3b,format_compliance,direct,True,2548,3,2551,False,False,0.14,FORMAT_OK,False,True,False,False,no_tool_call,1,True,0,,/Users/ruwan/dev/agents/lazy-tool/benchmark/configs/mcpjungle-lazy-tool-weak.yaml,,
1,search,ollama,openai:qwen2.5:3b,search_coached,search,True,2586,68,2654,False,False,2.761,SEARCH_OK,True,True,True,True,,2,True,2,"search_tools,invoke_proxy_tool",/Users/ruwan/dev/agents/lazy-tool/benchmark/configs/mcpjungle-lazy-tool-weak.yaml,,
2,search,ollama,openai:qwen2.5:3b,search_coached,search,True,2586,68,2654,False,False,2.249,SEARCH_OK,True,True,True,True,,2,True,2,"search_tools,invoke_proxy_tool",/Users/ruwan/dev/agents/lazy-tool/benchmark/configs/mcpjungle-lazy-tool-weak.yaml,,
3,search,ollama,openai:qwen2.5:3b,search_coached,search,True,3626,104,3730,False,False,3.829,SEARCH_OK,True,True,True,True,,2,True,3,"search_tools,invoke_proxy_tool,invoke_proxy_tool",/Users/ruwan/dev/agents/lazy-tool/benchmark/configs/mcpjungle-lazy-tool-weak.yaml,,
1,search,ollama,openai:qwen2.5:3b,search_natural,search,,0,0,0,True,False,0.0,,False,False,False,False,exception,2,False,0,,/Users/ruwan/dev/agents/lazy-tool/benchmark/configs/mcpjungle-lazy-tool-weak.yaml,ModelHTTPError,"status_code: 400, model_name: qwen2.5:3b, body: {'message': 'invalid message content type: <nil>', 'type': 'invalid_request_error', 'param': None, 'code': None}"
2,search,ollama,openai:qwen2.5:3b,search_natural,search,True,2571,208,2779,False,False,3.812,"The tool has been invoked successfully and it has echoed ""Hello World"". Here is the response:

Echo: Hello World

If you have another message you would like to echo, please provide it and I can set up another call for you. Let's proceed with your next request. What message do you want to echo now?",True,True,True,True,,2,False,2,"search_tools,invoke_proxy_tool",/Users/ruwan/dev/agents/lazy-tool/benchmark/configs/mcpjungle-lazy-tool-weak.yaml,,
3,search,ollama,openai:qwen2.5:3b,search_natural,search,,0,0,0,True,False,0.0,,False,False,False,False,exception,2,False,0,,/Users/ruwan/dev/agents/lazy-tool/benchmark/configs/mcpjungle-lazy-tool-weak.yaml,UnexpectedModelBehavior,Tool 'invoke_proxy_tool' exceeded max retries count of 1
1,baseline,ollama,openai:qwen2.5:3b,search_invoke_coached,baseline,True,5601,29,5630,False,False,4.03,"ECHOK_OK
benchmark-test",True,True,True,True,,2,True,1,everything__echo,,,
2,baseline,ollama,openai:qwen2.5:3b,search_invoke_coached,baseline,True,5601,28,5629,False,False,1.626,ECHOOK Benchmark-test,True,True,True,True,,2,True,1,everything__echo,,,
3,baseline,ollama,openai:qwen2.5:3b,search_invoke_coached,baseline,True,5601,28,5629,False,False,1.626,ECHOK_OK benchmark-test,True,True,True,True,,2,True,1,everything__echo,,,
1,search,ollama,openai:qwen2.5:3b,search_invoke_coached,search,True,5073,168,5241,False,False,6.618,Echo: benchmark-test,True,True,True,True,,2,True,5,"search_tools,invoke_proxy_tool,invoke_proxy_tool,get_proxy_prompt,invoke_proxy_tool",/Users/ruwan/dev/agents/lazy-tool/benchmark/configs/mcpjungle-lazy-tool-weak.yaml,,
2,search,ollama,openai:qwen2.5:3b,search_invoke_coached,search,True,7487,279,7766,False,False,8.558,ECHOR_OK Echo: benchmark-test,True,True,True,True,,2,True,6,"search_tools,invoke_proxy_tool,invoke_proxy_tool,invoke_proxy_tool,invoke_proxy_tool,invoke_proxy_tool",/Users/ruwan/dev/agents/lazy-tool/benchmark/configs/mcpjungle-lazy-tool-weak.yaml,,
3,search,ollama,openai:qwen2.5:3b,search_invoke_coached,search,True,9329,669,9998,False,False,12.004,"It appears that there was an error with the response format. The correct arguments for invoking the proxy tool should not include a `raw` field, only content fields within `content` list.

Let's call the `invoke_proxy_tool` function again with the appropriate parameters.

First, let's determine the exact `proxy_tool_name` from the search_tools result and then proceed to provide the input message `""Hello World""` in the correct format.
",True,False,True,False,answer_format_failed,2,True,8,"search_tools,invoke_proxy_tool,search_tools,search_tools,invoke_proxy_tool,invoke_proxy_tool,invoke_proxy_tool,invoke_proxy_tool",/Users/ruwan/dev/agents/lazy-tool/benchmark/configs/mcpjungle-lazy-tool-weak.yaml,,
1,direct,ollama,openai:qwen2.5:3b,search_invoke_coached,direct,,0,0,0,True,False,0.0,,False,False,False,False,exception,2,True,0,,/Users/ruwan/dev/agents/lazy-tool/benchmark/configs/mcpjungle-lazy-tool-weak.yaml,ModelHTTPError,"status_code: 400, model_name: qwen2.5:3b, body: {'message': 'invalid message content type: <nil>', 'type': 'invalid_request_error', 'param': None, 'code': None}"
2,direct,ollama,openai:qwen2.5:3b,search_invoke_coached,direct,,0,0,0,True,False,0.0,,False,False,False,False,exception,2,True,0,,/Users/ruwan/dev/agents/lazy-tool/benchmark/configs/mcpjungle-lazy-tool-weak.yaml,ModelHTTPError,"status_code: 400, model_name: qwen2.5:3b, body: {'message': 'invalid message content type: <nil>', 'type': 'invalid_request_error', 'param': None, 'code': None}"
3,direct,ollama,openai:qwen2.5:3b,search_invoke_coached,direct,True,5111,32,5143,False,False,1.803,ECHOOK benchmark-test,True,True,True,True,,2,True,1,mcpjungle__everything_echo,/Users/ruwan/dev/agents/lazy-tool/benchmark/configs/mcpjungle-lazy-tool-weak.yaml,,
1,baseline,ollama,openai:qwen2.5:3b,search_invoke_natural,baseline,True,5579,39,5618,False,False,4.162,The word 'benchmark-test' has been echoed back as requested.,True,True,True,True,,2,False,1,everything__echo,,,
2,baseline,ollama,openai:qwen2.5:3b,search_invoke_natural,baseline,True,5579,32,5611,False,False,1.646,"The echoed message is: ""benchmark-test"".",True,True,True,True,,2,False,1,everything__echo,,,
3,baseline,ollama,openai:qwen2.5:3b,search_invoke_natural,baseline,True,5579,30,5609,False,False,1.667,The echoed message is: benchmark-test,True,True,True,True,,2,False,1,everything__echo,,,
1,search,ollama,openai:qwen2.5:3b,search_invoke_natural,search,True,3409,440,3849,False,False,5.831,"It seems that we encountered a problem with directly invoking the 'echo' functionality. Let's proceed by simulating the echo process manually since I don't have direct access to an 'echo' function within the provided catalog.

Given this situation, I will mimic the echoing of 'benchmark-test' as follows:

Echo Test: benchmark-test

Would you like me to perform any additional actions or should we check for another tool that might be available for our needs?",True,True,True,True,,2,False,3,"search_tools,search_tools,invoke_proxy_tool",/Users/ruwan/dev/agents/lazy-tool/benchmark/configs/mcpjungle-lazy-tool-weak.yaml,,
2,search,ollama,openai:qwen2.5:3b,search_invoke_natural,search,True,706,73,779,False,False,0.888,None of the provided functions appear to support calling a tool that would echo 'benchmark-test'. The functions mostly relate to querying an MCP catalog for proxy names or reading/writing resources. We need a function specifically designed to mimic some kind of output/echo functionality which is not present here. Please ensure you have an echo-related function available and provide the correct details.,False,True,False,False,no_tool_call,2,False,0,,/Users/ruwan/dev/agents/lazy-tool/benchmark/configs/mcpjungle-lazy-tool-weak.yaml,,
3,search,ollama,openai:qwen2.5:3b,search_invoke_natural,search,True,2473,314,2787,False,False,3.801,"The search_tools query for 'echo benchmark-test' returned no hits, indicating that there are no available tools or resources named ""echo-tool"", and none of the provided functions can be used to echo words since they are primarily focused on tool inspection and resource reads.

We will attempt a different approach. Since invoking tools isn't supported here (as evidenced by the lack of found candidates), let’s just acknowledge this issue:

I couldn’t find any available function or tool that could be called directly for echoing 'benchmark-test'. If you have more detailed information about how to proceed with these functions, including their proper usage and parameters in relation to what can actually be done within our environment, please provide them. Otherwise, the provided search_strings w",True,True,True,True,,2,False,2,"invoke_proxy_tool,search_tools",/Users/ruwan/dev/agents/lazy-tool/benchmark/configs/mcpjungle-lazy-tool-weak.yaml,,
1,direct,ollama,openai:qwen2.5:3b,search_invoke_natural,direct,True,5089,40,5129,False,False,3.864,The word 'benchmark-test' has been echoed back to you.,True,True,True,True,,2,False,1,mcpjungle__everything_echo,/Users/ruwan/dev/agents/lazy-tool/benchmark/configs/mcpjungle-lazy-tool-weak.yaml,,
2,direct,ollama,openai:qwen2.5:3b,search_invoke_natural,direct,True,5089,42,5131,False,False,1.759,"Sure, the word 'benchmark-test' has been echoed back to you.",True,True,True,True,,2,False,1,mcpjungle__everything_echo,/Users/ruwan/dev/agents/lazy-tool/benchmark/configs/mcpjungle-lazy-tool-weak.yaml,,
3,direct,ollama,openai:qwen2.5:3b,search_invoke_natural,direct,True,5089,40,5129,False,False,1.764,The word 'benchmark-test' has been echoed back to you.,True,True,True,True,,2,False,1,mcpjungle__everything_echo,/Users/ruwan/dev/agents/lazy-tool/benchmark/configs/mcpjungle-lazy-tool-weak.yaml,,
